[{"point":[5.875,0,2.875]},{"point":[5.625,0,2.875]},{"point":[5.375,0,2.875]},{"point":[5.125,0,2.875]},{"point":[4.875,0,2.875]},{"point":[4.625,0,2.875]},{"point":[4.375,0,2.875]},{"point":[4.125,0,2.875]},{"point":[3.875,0,2.875]},{"point":[3.625,0,2.875]},{"point":[3.375,0,2.875]},{"point":[3.125,0,2.875]},{"point":[2.875,0,2.875]},{"point":[2.625,0,2.875]},{"point":[2.375,0,2.875]},{"point":[2.125,0,2.875]},{"point":[1.875,0,2.875]},{"point":[1.625,0,2.875]},{"point":[1.375,0,2.875]},{"point":[1.125,0,2.875]},{"point":[0.875,0,2.875]},{"point":[0.625,0,2.875]},{"point":[0.375,0,2.875]},{"point":[0.125,0,2.875]},{"point":[5.875,0,2.625]},{"point":[5.625,0,2.625]},{"point":[5.375,0,2.625]},{"point":[5.125,0,2.625]},{"point":[4.875,0,2.625]},{"point":[4.625,0,2.625]},{"point":[4.375,0,2.625]},{"point":[4.125,0,2.625]},{"point":[3.875,0,2.625]},{"point":[3.625,0,2.625]},{"point":[3.375,0,2.625]},{"point":[3.125,0,2.625]},{"point":[2.875,0,2.625]},{"point":[2.625,0,2.625]},{"point":[2.375,0,2.625]},{"point":[2.125,0,2.625]},{"point":[1.875,0,2.625]},{"point":[1.625,0,2.625]},{"point":[1.375,0,2.625]},{"point":[1.125,0,2.625]},{"point":[0.875,0,2.625]},{"point":[0.625,0,2.625]},{"point":[0.375,0,2.625]},{"point":[0.125,0,2.625]},{"point":[5.875,0,2.375]},{"point":[5.625,0,2.375]},{"point":[5.375,0,2.375]},{"point":[5.125,0,2.375]},{"point":[4.875,0,2.375]},{"point":[4.625,0,2.375]},{"point":[4.375,0,2.375]},{"point":[4.125,0,2.375]},{"point":[3.875,0,2.375]},{"point":[3.625,0,2.375]},{"point":[3.375,0,2.375]},{"point":[3.125,0,2.375]},{"point":[2.875,0,2.375]},{"point":[2.625,0,2.375]},{"point":[2.375,0,2.375]},{"point":[2.125,0,2.375]},{"point":[1.875,0,2.375]},{"point":[1.625,0,2.375]},{"point":[1.375,0,2.375]},{"point":[1.125,0,2.375]},{"point":[0.875,0,2.375]},{"point":[0.625,0,2.375]},{"point":[0.375,0,2.375]},{"point":[0.125,0,2.375]},{"point":[5.875,0,2.125]},{"point":[5.625,0,2.125]},{"point":[5.375,0,2.125]},{"point":[5.125,0,2.125]},{"point":[4.875,0,2.125]},{"point":[4.625,0,2.125]},{"point":[4.375,0,2.125]},{"point":[4.125,0,2.125]},{"point":[3.875,0,2.125]},{"point":[3.625,0,2.125]},{"point":[3.375,0,2.125]},{"point":[3.125,0,2.125]},{"point":[2.875,0,2.125]},{"point":[2.625,0,2.125]},{"point":[2.375,0,2.125]},{"point":[2.125,0,2.125]},{"point":[1.875,0,2.125]},{"point":[1.625,0,2.125]},{"point":[1.375,0,2.125]},{"point":[1.125,0,2.125]},{"point":[0.875,0,2.125]},{"point":[0.625,0,2.125]},{"point":[0.375,0,2.125]},{"point":[0.125,0,2.125]},{"point":[5.875,0,1.875]},{"point":[5.625,0,1.875]},{"point":[5.375,0,1.875]},{"point":[5.125,0,1.875]},{"point":[4.875,0,1.875]},{"point":[4.625,0,1.875]},{"point":[4.375,0,1.875]},{"point":[4.125,0,1.875]},{"point":[3.875,0,1.875]},{"point":[3.625,0,1.875]},{"point":[3.375,0,1.875]},{"point":[3.125,0,1.875]},{"point":[2.875,0,1.875]},{"point":[2.625,0,1.875]},{"point":[2.375,0,1.875]},{"point":[2.125,0,1.875]},{"point":[1.875,0,1.875]},{"point":[1.625,0,1.875]},{"point":[1.375,0,1.875]},{"point":[1.125,0,1.875]},{"point":[0.875,0,1.875]},{"point":[0.625,0,1.875]},{"point":[0.375,0,1.875]},{"point":[0.125,0,1.875]},{"point":[5.875,0,1.625]},{"point":[5.625,0,1.625]},{"point":[5.375,0,1.625]},{"point":[5.125,0,1.625]},{"point":[4.875,0,1.625]},{"point":[4.625,0,1.625]},{"point":[4.375,0,1.625]},{"point":[4.125,0,1.625]},{"point":[3.875,0,1.625]},{"point":[3.625,0,1.625]},{"point":[3.375,0,1.625]},{"point":[3.125,0,1.625]},{"point":[2.875,0,1.625]},{"point":[2.625,0,1.625]},{"point":[2.375,0,1.625]},{"point":[2.125,0,1.625]},{"point":[1.875,0,1.625]},{"point":[1.625,0,1.625]},{"point":[1.375,0,1.625]},{"point":[1.125,0,1.625]},{"point":[0.875,0,1.625]},{"point":[0.625,0,1.625]},{"point":[0.375,0,1.625]},{"point":[0.125,0,1.625]},{"point":[5.875,0,1.375]},{"point":[5.625,0,1.375]},{"point":[5.375,0,1.375]},{"point":[5.125,0,1.375]},{"point":[4.875,0,1.375]},{"point":[4.625,0,1.375]},{"point":[4.375,0,1.375]},{"point":[4.125,0,1.375]},{"point":[3.875,0,1.375]},{"point":[3.625,0,1.375]},{"point":[3.375,0,1.375]},{"point":[3.125,0,1.375]},{"point":[2.875,0,1.375]},{"point":[2.625,0,1.375]},{"point":[2.375,0,1.375]},{"point":[2.125,0,1.375]},{"point":[1.875,0,1.375]},{"point":[1.625,0,1.375]},{"point":[1.375,0,1.375]},{"point":[1.125,0,1.375]},{"point":[0.875,0,1.375]},{"point":[0.625,0,1.375]},{"point":[0.375,0,1.375]},{"point":[0.125,0,1.375]},{"point":[5.875,0,1.125]},{"point":[5.625,0,1.125]},{"point":[5.375,0,1.125]},{"point":[5.125,0,1.125]},{"point":[4.875,0,1.125]},{"point":[4.625,0,1.125]},{"point":[4.375,0,1.125]},{"point":[4.125,0,1.125]},{"point":[3.875,0,1.125]},{"point":[3.625,0,1.125]},{"point":[3.375,0,1.125]},{"point":[3.125,0,1.125]},{"point":[2.875,0,1.125]},{"point":[2.625,0,1.125]},{"point":[2.375,0,1.125]},{"point":[2.125,0,1.125]},{"point":[1.875,0,1.125]},{"point":[1.625,0,1.125]},{"point":[1.375,0,1.125]},{"point":[1.125,0,1.125]},{"point":[0.875,0,1.125]},{"point":[0.625,0,1.125]},{"point":[0.375,0,1.125]},{"point":[0.125,0,1.125]},{"point":[5.875,0,0.875]},{"point":[5.625,0,0.875]},{"point":[5.375,0,0.875]},{"point":[5.125,0,0.875]},{"point":[4.875,0,0.875]},{"point":[4.625,0,0.875]},{"point":[4.375,0,0.875]},{"point":[4.125,0,0.875]},{"point":[3.875,0,0.875]},{"point":[3.625,0,0.875]},{"point":[3.375,0,0.875]},{"point":[3.125,0,0.875]},{"point":[2.875,0,0.875]},{"point":[2.625,0,0.875]},{"point":[2.375,0,0.875]},{"point":[2.125,0,0.875]},{"point":[1.875,0,0.875]},{"point":[1.625,0,0.875]},{"point":[1.375,0,0.875]},{"point":[1.125,0,0.875]},{"point":[0.875,0,0.875]},{"point":[0.625,0,0.875]},{"point":[0.375,0,0.875]},{"point":[0.125,0,0.875]},{"point":[5.875,0,0.625]},{"point":[5.625,0,0.625]},{"point":[5.375,0,0.625]},{"point":[5.125,0,0.625]},{"point":[4.875,0,0.625]},{"point":[4.625,0,0.625]},{"point":[4.375,0,0.625]},{"point":[4.125,0,0.625]},{"point":[3.875,0,0.625]},{"point":[3.625,0,0.625]},{"point":[3.375,0,0.625]},{"point":[3.125,0,0.625]},{"point":[2.875,0,0.625]},{"point":[2.625,0,0.625]},{"point":[2.375,0,0.625]},{"point":[2.125,0,0.625]},{"point":[1.875,0,0.625]},{"point":[1.625,0,0.625]},{"point":[1.375,0,0.625]},{"point":[1.125,0,0.625]},{"point":[0.875,0,0.625]},{"point":[0.625,0,0.625]},{"point":[0.375,0,0.625]},{"point":[0.125,0,0.625]},{"point":[5.875,0,0.375]},{"point":[5.625,0,0.375]},{"point":[5.375,0,0.375]},{"point":[5.125,0,0.375]},{"point":[4.875,0,0.375]},{"point":[4.625,0,0.375]},{"point":[4.375,0,0.375]},{"point":[4.125,0,0.375]},{"point":[3.875,0,0.375]},{"point":[3.625,0,0.375]},{"point":[3.375,0,0.375]},{"point":[3.125,0,0.375]},{"point":[2.875,0,0.375]},{"point":[2.625,0,0.375]},{"point":[2.375,0,0.375]},{"point":[2.125,0,0.375]},{"point":[1.875,0,0.375]},{"point":[1.625,0,0.375]},{"point":[1.375,0,0.375]},{"point":[1.125,0,0.375]},{"point":[0.875,0,0.375]},{"point":[0.625,0,0.375]},{"point":[0.375,0,0.375]},{"point":[0.125,0,0.375]},{"point":[5.875,0,0.125]},{"point":[5.625,0,0.125]},{"point":[5.375,0,0.125]},{"point":[5.125,0,0.125]},{"point":[4.875,0,0.125]},{"point":[4.625,0,0.125]},{"point":[4.375,0,0.125]},{"point":[4.125,0,0.125]},{"point":[3.875,0,0.125]},{"point":[3.625,0,0.125]},{"point":[3.375,0,0.125]},{"point":[3.125,0,0.125]},{"point":[2.875,0,0.125]},{"point":[2.625,0,0.125]},{"point":[2.375,0,0.125]},{"point":[2.125,0,0.125]},{"point":[1.875,0,0.125]},{"point":[1.625,0,0.125]},{"point":[1.375,0,0.125]},{"point":[1.125,0,0.125]},{"point":[0.875,0,0.125]},{"point":[0.625,0,0.125]},{"point":[0.375,0,0.125]},{"point":[0.125,0,0.125]},{"point":[5.875,0,-0.125]},{"point":[5.625,0,-0.125]},{"point":[5.375,0,-0.125]},{"point":[5.125,0,-0.125]},{"point":[4.875,0,-0.125]},{"point":[4.625,0,-0.125]},{"point":[4.375,0,-0.125]},{"point":[4.125,0,-0.125]},{"point":[3.875,0,-0.125]},{"point":[3.625,0,-0.125]},{"point":[3.375,0,-0.125]},{"point":[3.125,0,-0.125]},{"point":[2.875,0,-0.125]},{"point":[2.625,0,-0.125]},{"point":[2.375,0,-0.125]},{"point":[2.125,0,-0.125]},{"point":[1.875,0,-0.125]},{"point":[1.625,0,-0.125]},{"point":[1.375,0,-0.125]},{"point":[1.125,0,-0.125]},{"point":[0.875,0,-0.125]},{"point":[0.625,0,-0.125]},{"point":[0.375,0,-0.125]},{"point":[0.125,0,-0.125]},{"point":[5.875,0,-0.375]},{"point":[5.625,0,-0.375]},{"point":[5.375,0,-0.375]},{"point":[5.125,0,-0.375]},{"point":[4.875,0,-0.375]},{"point":[4.625,0,-0.375]},{"point":[4.375,0,-0.375]},{"point":[4.125,0,-0.375]},{"point":[3.875,0,-0.375]},{"point":[3.625,0,-0.375]},{"point":[3.375,0,-0.375]},{"point":[3.125,0,-0.375]},{"point":[2.875,0,-0.375]},{"point":[2.625,0,-0.375]},{"point":[2.375,0,-0.375]},{"point":[2.125,0,-0.375]},{"point":[1.875,0,-0.375]},{"point":[1.625,0,-0.375]},{"point":[1.375,0,-0.375]},{"point":[1.125,0,-0.375]},{"point":[0.875,0,-0.375]},{"point":[0.625,0,-0.375]},{"point":[0.375,0,-0.375]},{"point":[0.125,0,-0.375]},{"point":[5.875,0,-0.625]},{"point":[5.625,0,-0.625]},{"point":[5.375,0,-0.625]},{"point":[5.125,0,-0.625]},{"point":[4.875,0,-0.625]},{"point":[4.625,0,-0.625]},{"point":[4.375,0,-0.625]},{"point":[4.125,0,-0.625]},{"point":[3.875,0,-0.625]},{"point":[3.625,0,-0.625]},{"point":[3.375,0,-0.625]},{"point":[3.125,0,-0.625]},{"point":[2.875,0,-0.625]},{"point":[2.625,0,-0.625]},{"point":[2.375,0,-0.625]},{"point":[2.125,0,-0.625]},{"point":[1.875,0,-0.625]},{"point":[1.625,0,-0.625]},{"point":[1.375,0,-0.625]},{"point":[1.125,0,-0.625]},{"point":[0.875,0,-0.625]},{"point":[0.625,0,-0.625]},{"point":[0.375,0,-0.625]},{"point":[0.125,0,-0.625]},{"point":[5.875,0,-0.875]},{"point":[5.625,0,-0.875]},{"point":[5.375,0,-0.875]},{"point":[5.125,0,-0.875]},{"point":[4.875,0,-0.875]},{"point":[4.625,0,-0.875]},{"point":[4.375,0,-0.875]},{"point":[4.125,0,-0.875]},{"point":[3.875,0,-0.875]},{"point":[3.625,0,-0.875]},{"point":[3.375,0,-0.875]},{"point":[3.125,0,-0.875]},{"point":[2.875,0,-0.875]},{"point":[2.625,0,-0.875]},{"point":[2.375,0,-0.875]},{"point":[2.125,0,-0.875]},{"point":[1.875,0,-0.875]},{"point":[1.625,0,-0.875]},{"point":[1.375,0,-0.875]},{"point":[1.125,0,-0.875]},{"point":[0.875,0,-0.875]},{"point":[0.625,0,-0.875]},{"point":[0.375,0,-0.875]},{"point":[0.125,0,-0.875]},{"point":[5.875,0,-1.125]},{"point":[5.625,0,-1.125]},{"point":[5.375,0,-1.125]},{"point":[5.125,0,-1.125]},{"point":[4.875,0,-1.125]},{"point":[4.625,0,-1.125]},{"point":[4.375,0,-1.125]},{"point":[4.125,0,-1.125]},{"point":[3.875,0,-1.125]},{"point":[3.625,0,-1.125]},{"point":[3.375,0,-1.125]},{"point":[3.125,0,-1.125]},{"point":[2.875,0,-1.125]},{"point":[2.625,0,-1.125]},{"point":[2.375,0,-1.125]},{"point":[2.125,0,-1.125]},{"point":[1.875,0,-1.125]},{"point":[1.625,0,-1.125]},{"point":[1.375,0,-1.125]},{"point":[1.125,0,-1.125]},{"point":[0.875,0,-1.125]},{"point":[0.625,0,-1.125]},{"point":[0.375,0,-1.125]},{"point":[0.125,0,-1.125]},{"point":[5.875,0,-1.375]},{"point":[5.625,0,-1.375]},{"point":[5.375,0,-1.375]},{"point":[5.125,0,-1.375]},{"point":[4.875,0,-1.375]},{"point":[4.625,0,-1.375]},{"point":[4.375,0,-1.375]},{"point":[4.125,0,-1.375]},{"point":[3.875,0,-1.375]},{"point":[3.625,0,-1.375]},{"point":[3.375,0,-1.375]},{"point":[3.125,0,-1.375]},{"point":[2.875,0,-1.375]},{"point":[2.625,0,-1.375]},{"point":[2.375,0,-1.375]},{"point":[2.125,0,-1.375]},{"point":[1.875,0,-1.375]},{"point":[1.625,0,-1.375]},{"point":[1.375,0,-1.375]},{"point":[1.125,0,-1.375]},{"point":[0.875,0,-1.375]},{"point":[0.625,0,-1.375]},{"point":[0.375,0,-1.375]},{"point":[0.125,0,-1.375]},{"point":[5.875,0,-1.625]},{"point":[5.625,0,-1.625]},{"point":[5.375,0,-1.625]},{"point":[5.125,0,-1.625]},{"point":[4.875,0,-1.625]},{"point":[4.625,0,-1.625]},{"point":[4.375,0,-1.625]},{"point":[4.125,0,-1.625]},{"point":[3.875,0,-1.625]},{"point":[3.625,0,-1.625]},{"point":[3.375,0,-1.625]},{"point":[3.125,0,-1.625]},{"point":[2.875,0,-1.625]},{"point":[2.625,0,-1.625]},{"point":[2.375,0,-1.625]},{"point":[2.125,0,-1.625]},{"point":[1.875,0,-1.625]},{"point":[1.625,0,-1.625]},{"point":[1.375,0,-1.625]},{"point":[1.125,0,-1.625]},{"point":[0.875,0,-1.625]},{"point":[0.625,0,-1.625]},{"point":[0.375,0,-1.625]},{"point":[0.125,0,-1.625]},{"point":[5.875,0,-1.875]},{"point":[5.625,0,-1.875]},{"point":[5.375,0,-1.875]},{"point":[5.125,0,-1.875]},{"point":[4.875,0,-1.875]},{"point":[4.625,0,-1.875]},{"point":[4.375,0,-1.875]},{"point":[4.125,0,-1.875]},{"point":[3.875,0,-1.875]},{"point":[3.625,0,-1.875]},{"point":[3.375,0,-1.875]},{"point":[3.125,0,-1.875]},{"point":[2.875,0,-1.875]},{"point":[2.625,0,-1.875]},{"point":[2.375,0,-1.875]},{"point":[2.125,0,-1.875]},{"point":[1.875,0,-1.875]},{"point":[1.625,0,-1.875]},{"point":[1.375,0,-1.875]},{"point":[1.125,0,-1.875]},{"point":[0.875,0,-1.875]},{"point":[0.625,0,-1.875]},{"point":[0.375,0,-1.875]},{"point":[0.125,0,-1.875]},{"point":[5.875,0,-2.125]},{"point":[5.625,0,-2.125]},{"point":[5.375,0,-2.125]},{"point":[5.125,0,-2.125]},{"point":[4.875,0,-2.125]},{"point":[4.625,0,-2.125]},{"point":[4.375,0,-2.125]},{"point":[4.125,0,-2.125]},{"point":[3.875,0,-2.125]},{"point":[3.625,0,-2.125]},{"point":[3.375,0,-2.125]},{"point":[3.125,0,-2.125]},{"point":[2.875,0,-2.125]},{"point":[2.625,0,-2.125]},{"point":[2.375,0,-2.125]},{"point":[2.125,0,-2.125]},{"point":[1.875,0,-2.125]},{"point":[1.625,0,-2.125]},{"point":[1.375,0,-2.125]},{"point":[1.125,0,-2.125]},{"point":[0.875,0,-2.125]},{"point":[0.625,0,-2.125]},{"point":[0.375,0,-2.125]},{"point":[0.125,0,-2.125]},{"point":[5.875,0,-2.375]},{"point":[5.625,0,-2.375]},{"point":[5.375,0,-2.375]},{"point":[5.125,0,-2.375]},{"point":[4.875,0,-2.375]},{"point":[4.625,0,-2.375]},{"point":[4.375,0,-2.375]},{"point":[4.125,0,-2.375]},{"point":[3.875,0,-2.375]},{"point":[3.625,0,-2.375]},{"point":[3.375,0,-2.375]},{"point":[3.125,0,-2.375]},{"point":[2.875,0,-2.375]},{"point":[2.625,0,-2.375]},{"point":[2.375,0,-2.375]},{"point":[2.125,0,-2.375]},{"point":[1.875,0,-2.375]},{"point":[1.625,0,-2.375]},{"point":[1.375,0,-2.375]},{"point":[1.125,0,-2.375]},{"point":[0.875,0,-2.375]},{"point":[0.625,0,-2.375]},{"point":[0.375,0,-2.375]},{"point":[0.125,0,-2.375]},{"point":[5.875,0,-2.625]},{"point":[5.625,0,-2.625]},{"point":[5.375,0,-2.625]},{"point":[5.125,0,-2.625]},{"point":[4.875,0,-2.625]},{"point":[4.625,0,-2.625]},{"point":[4.375,0,-2.625]},{"point":[4.125,0,-2.625]},{"point":[3.875,0,-2.625]},{"point":[3.625,0,-2.625]},{"point":[3.375,0,-2.625]},{"point":[3.125,0,-2.625]},{"point":[2.875,0,-2.625]},{"point":[2.625,0,-2.625]},{"point":[2.375,0,-2.625]},{"point":[2.125,0,-2.625]},{"point":[1.875,0,-2.625]},{"point":[1.625,0,-2.625]},{"point":[1.375,0,-2.625]},{"point":[1.125,0,-2.625]},{"point":[0.875,0,-2.625]},{"point":[0.625,0,-2.625]},{"point":[0.375,0,-2.625]},{"point":[0.125,0,-2.625]},{"point":[5.875,0,-2.875]},{"point":[5.625,0,-2.875]},{"point":[5.375,0,-2.875]},{"point":[5.125,0,-2.875]},{"point":[4.875,0,-2.875]},{"point":[4.625,0,-2.875]},{"point":[4.375,0,-2.875]},{"point":[4.125,0,-2.875]},{"point":[3.875,0,-2.875]},{"point":[3.625,0,-2.875]},{"point":[3.375,0,-2.875]},{"point":[3.125,0,-2.875]},{"point":[2.875,0,-2.875]},{"point":[2.625,0,-2.875]},{"point":[2.375,0,-2.875]},{"point":[2.125,0,-2.875]},{"point":[1.875,0,-2.875]},{"point":[1.625,0,-2.875]},{"point":[1.375,0,-2.875]},{"point":[1.125,0,-2.875]},{"point":[0.875,0,-2.875]},{"point":[0.625,0,-2.875]},{"point":[0.375,0,-2.875]},{"point":[0.125,0,-2.875]},{"point":[5.875,0,-3.125]},{"point":[5.625,0,-3.125]},{"point":[5.375,0,-3.125]},{"point":[5.125,0,-3.125]},{"point":[4.875,0,-3.125]},{"point":[4.625,0,-3.125]},{"point":[4.375,0,-3.125]},{"point":[4.125,0,-3.125]},{"point":[3.875,0,-3.125]},{"point":[3.625,0,-3.125]},{"point":[3.375,0,-3.125]},{"point":[3.125,0,-3.125]},{"point":[2.875,0,-3.125]},{"point":[2.625,0,-3.125]},{"point":[2.375,0,-3.125]},{"point":[2.125,0,-3.125]},{"point":[1.875,0,-3.125]},{"point":[1.625,0,-3.125]},{"point":[1.375,0,-3.125]},{"point":[1.125,0,-3.125]},{"point":[0.875,0,-3.125]},{"point":[0.625,0,-3.125]},{"point":[0.375,0,-3.125]},{"point":[0.125,0,-3.125]},{"point":[5.875,0,-3.375]},{"point":[5.625,0,-3.375]},{"point":[5.375,0,-3.375]},{"point":[5.125,0,-3.375]},{"point":[4.875,0,-3.375]},{"point":[4.625,0,-3.375]},{"point":[4.375,0,-3.375]},{"point":[4.125,0,-3.375]},{"point":[3.875,0,-3.375]},{"point":[3.625,0,-3.375]},{"point":[3.375,0,-3.375]},{"point":[3.125,0,-3.375]},{"point":[2.875,0,-3.375]},{"point":[2.625,0,-3.375]},{"point":[2.375,0,-3.375]},{"point":[2.125,0,-3.375]},{"point":[1.875,0,-3.375]},{"point":[1.625,0,-3.375]},{"point":[1.375,0,-3.375]},{"point":[1.125,0,-3.375]},{"point":[0.875,0,-3.375]},{"point":[0.625,0,-3.375]},{"point":[0.375,0,-3.375]},{"point":[0.125,0,-3.375]},{"point":[5.875,0,-3.625]},{"point":[5.625,0,-3.625]},{"point":[5.375,0,-3.625]},{"point":[5.125,0,-3.625]},{"point":[4.875,0,-3.625]},{"point":[4.625,0,-3.625]},{"point":[4.375,0,-3.625]},{"point":[4.125,0,-3.625]},{"point":[3.875,0,-3.625]},{"point":[3.625,0,-3.625]},{"point":[3.375,0,-3.625]},{"point":[3.125,0,-3.625]},{"point":[2.875,0,-3.625]},{"point":[2.625,0,-3.625]},{"point":[2.375,0,-3.625]},{"point":[2.125,0,-3.625]},{"point":[1.875,0,-3.625]},{"point":[1.625,0,-3.625]},{"point":[1.375,0,-3.625]},{"point":[1.125,0,-3.625]},{"point":[0.875,0,-3.625]},{"point":[0.625,0,-3.625]},{"point":[0.375,0,-3.625]},{"point":[0.125,0,-3.625]},{"point":[5.875,0,-3.875]},{"point":[5.625,0,-3.875]},{"point":[5.375,0,-3.875]},{"point":[5.125,0,-3.875]},{"point":[4.875,0,-3.875]},{"point":[4.625,0,-3.875]},{"point":[4.375,0,-3.875]},{"point":[4.125,0,-3.875]},{"point":[3.875,0,-3.875]},{"point":[3.625,0,-3.875]},{"point":[3.375,0,-3.875]},{"point":[3.125,0,-3.875]},{"point":[2.875,0,-3.875]},{"point":[2.625,0,-3.875]},{"point":[2.375,0,-3.875]},{"point":[2.125,0,-3.875]},{"point":[1.875,0,-3.875]},{"point":[1.625,0,-3.875]},{"point":[1.375,0,-3.875]},{"point":[1.125,0,-3.875]},{"point":[0.875,0,-3.875]},{"point":[0.625,0,-3.875]},{"point":[0.375,0,-3.875]},{"point":[0.125,0,-3.875]},{"point":[5.875,0,-4.125]},{"point":[5.625,0,-4.125]},{"point":[5.375,0,-4.125]},{"point":[5.125,0,-4.125]},{"point":[4.875,0,-4.125]},{"point":[4.625,0,-4.125]},{"point":[4.375,0,-4.125]},{"point":[4.125,0,-4.125]},{"point":[3.875,0,-4.125]},{"point":[3.625,0,-4.125]},{"point":[3.375,0,-4.125]},{"point":[3.125,0,-4.125]},{"point":[2.875,0,-4.125]},{"point":[2.625,0,-4.125]},{"point":[2.375,0,-4.125]},{"point":[2.125,0,-4.125]},{"point":[1.875,0,-4.125]},{"point":[1.625,0,-4.125]},{"point":[1.375,0,-4.125]},{"point":[1.125,0,-4.125]},{"point":[0.875,0,-4.125]},{"point":[0.625,0,-4.125]},{"point":[0.375,0,-4.125]},{"point":[0.125,0,-4.125]},{"point":[5.875,0,-4.375]},{"point":[5.625,0,-4.375]},{"point":[5.375,0,-4.375]},{"point":[5.125,0,-4.375]},{"point":[4.875,0,-4.375]},{"point":[4.625,0,-4.375]},{"point":[4.375,0,-4.375]},{"point":[4.125,0,-4.375]},{"point":[3.875,0,-4.375]},{"point":[3.625,0,-4.375]},{"point":[3.375,0,-4.375]},{"point":[3.125,0,-4.375]},{"point":[2.875,0,-4.375]},{"point":[2.625,0,-4.375]},{"point":[2.375,0,-4.375]},{"point":[2.125,0,-4.375]},{"point":[1.875,0,-4.375]},{"point":[1.625,0,-4.375]},{"point":[1.375,0,-4.375]},{"point":[1.125,0,-4.375]},{"point":[0.875,0,-4.375]},{"point":[0.625,0,-4.375]},{"point":[0.375,0,-4.375]},{"point":[0.125,0,-4.375]},{"point":[5.875,0,-4.625]},{"point":[5.625,0,-4.625]},{"point":[5.375,0,-4.625]},{"point":[5.125,0,-4.625]},{"point":[4.875,0,-4.625]},{"point":[4.625,0,-4.625]},{"point":[4.375,0,-4.625]},{"point":[4.125,0,-4.625]},{"point":[3.875,0,-4.625]},{"point":[3.625,0,-4.625]},{"point":[3.375,0,-4.625]},{"point":[3.125,0,-4.625]},{"point":[2.875,0,-4.625]},{"point":[2.625,0,-4.625]},{"point":[2.375,0,-4.625]},{"point":[2.125,0,-4.625]},{"point":[1.875,0,-4.625]},{"point":[1.625,0,-4.625]},{"point":[1.375,0,-4.625]},{"point":[1.125,0,-4.625]},{"point":[0.875,0,-4.625]},{"point":[0.625,0,-4.625]},{"point":[0.375,0,-4.625]},{"point":[0.125,0,-4.625]},{"point":[5.875,0,-4.875]},{"point":[5.625,0,-4.875]},{"point":[5.375,0,-4.875]},{"point":[5.125,0,-4.875]},{"point":[4.875,0,-4.875]},{"point":[4.625,0,-4.875]},{"point":[4.375,0,-4.875]},{"point":[4.125,0,-4.875]},{"point":[3.875,0,-4.875]},{"point":[3.625,0,-4.875]},{"point":[3.375,0,-4.875]},{"point":[3.125,0,-4.875]},{"point":[2.875,0,-4.875]},{"point":[2.625,0,-4.875]},{"point":[2.375,0,-4.875]},{"point":[2.125,0,-4.875]},{"point":[1.875,0,-4.875]},{"point":[1.625,0,-4.875]},{"point":[1.375,0,-4.875]},{"point":[1.125,0,-4.875]},{"point":[0.875,0,-4.875]},{"point":[0.625,0,-4.875]},{"point":[0.375,0,-4.875]},{"point":[0.125,0,-4.875]},{"point":[5.875,0,-5.125]},{"point":[5.625,0,-5.125]},{"point":[5.375,0,-5.125]},{"point":[5.125,0,-5.125]},{"point":[4.875,0,-5.125]},{"point":[4.625,0,-5.125]},{"point":[4.375,0,-5.125]},{"point":[4.125,0,-5.125]},{"point":[3.875,0,-5.125]},{"point":[3.625,0,-5.125]},{"point":[3.375,0,-5.125]},{"point":[3.125,0,-5.125]},{"point":[2.875,0,-5.125]},{"point":[2.625,0,-5.125]},{"point":[2.375,0,-5.125]},{"point":[2.125,0,-5.125]},{"point":[1.875,0,-5.125]},{"point":[1.625,0,-5.125]},{"point":[1.375,0,-5.125]},{"point":[1.125,0,-5.125]},{"point":[0.875,0,-5.125]},{"point":[0.625,0,-5.125]},{"point":[0.375,0,-5.125]},{"point":[0.125,0,-5.125]},{"point":[5.875,0,-5.375]},{"point":[5.625,0,-5.375]},{"point":[5.375,0,-5.375]},{"point":[5.125,0,-5.375]},{"point":[4.875,0,-5.375]},{"point":[4.625,0,-5.375]},{"point":[4.375,0,-5.375]},{"point":[4.125,0,-5.375]},{"point":[3.875,0,-5.375]},{"point":[3.625,0,-5.375]},{"point":[3.375,0,-5.375]},{"point":[3.125,0,-5.375]},{"point":[2.875,0,-5.375]},{"point":[2.625,0,-5.375]},{"point":[2.375,0,-5.375]},{"point":[2.125,0,-5.375]},{"point":[1.875,0,-5.375]},{"point":[1.625,0,-5.375]},{"point":[1.375,0,-5.375]},{"point":[1.125,0,-5.375]},{"point":[0.875,0,-5.375]},{"point":[0.625,0,-5.375]},{"point":[0.375,0,-5.375]},{"point":[0.125,0,-5.375]},{"point":[5.875,0,-5.625]},{"point":[5.625,0,-5.625]},{"point":[5.375,0,-5.625]},{"point":[5.125,0,-5.625]},{"point":[4.875,0,-5.625]},{"point":[4.625,0,-5.625]},{"point":[4.375,0,-5.625]},{"point":[4.125,0,-5.625]},{"point":[3.875,0,-5.625]},{"point":[3.625,0,-5.625]},{"point":[3.375,0,-5.625]},{"point":[3.125,0,-5.625]},{"point":[2.875,0,-5.625]},{"point":[2.625,0,-5.625]},{"point":[2.375,0,-5.625]},{"point":[2.125,0,-5.625]},{"point":[1.875,0,-5.625]},{"point":[1.625,0,-5.625]},{"point":[1.375,0,-5.625]},{"point":[1.125,0,-5.625]},{"point":[0.875,0,-5.625]},{"point":[0.625,0,-5.625]},{"point":[0.375,0,-5.625]},{"point":[0.125,0,-5.625]},{"point":[5.875,0,-5.875]},{"point":[5.625,0,-5.875]},{"point":[5.375,0,-5.875]},{"point":[5.125,0,-5.875]},{"point":[4.875,0,-5.875]},{"point":[4.625,0,-5.875]},{"point":[4.375,0,-5.875]},{"point":[4.125,0,-5.875]},{"point":[3.875,0,-5.875]},{"point":[3.625,0,-5.875]},{"point":[3.375,0,-5.875]},{"point":[3.125,0,-5.875]},{"point":[2.875,0,-5.875]},{"point":[2.625,0,-5.875]},{"point":[2.375,0,-5.875]},{"point":[2.125,0,-5.875]},{"point":[1.875,0,-5.875]},{"point":[1.625,0,-5.875]},{"point":[1.375,0,-5.875]},{"point":[1.125,0,-5.875]},{"point":[0.875,0,-5.875]},{"point":[0.625,0,-5.875]},{"point":[0.375,0,-5.875]},{"point":[0.125,0,-5.875]},{"point":[5.875,0,-6.125]},{"point":[5.625,0,-6.125]},{"point":[5.375,0,-6.125]},{"point":[5.125,0,-6.125]},{"point":[4.875,0,-6.125]},{"point":[4.625,0,-6.125]},{"point":[4.375,0,-6.125]},{"point":[4.125,0,-6.125]},{"point":[3.875,0,-6.125]},{"point":[3.625,0,-6.125]},{"point":[3.375,0,-6.125]},{"point":[3.125,0,-6.125]},{"point":[2.875,0,-6.125]},{"point":[2.625,0,-6.125]},{"point":[2.375,0,-6.125]},{"point":[2.125,0,-6.125]},{"point":[1.875,0,-6.125]},{"point":[1.625,0,-6.125]},{"point":[1.375,0,-6.125]},{"point":[1.125,0,-6.125]},{"point":[0.875,0,-6.125]},{"point":[0.625,0,-6.125]},{"point":[0.375,0,-6.125]},{"point":[0.125,0,-6.125]},{"point":[5.875,0,-6.375]},{"point":[5.625,0,-6.375]},{"point":[5.375,0,-6.375]},{"point":[5.125,0,-6.375]},{"point":[4.875,0,-6.375]},{"point":[4.625,0,-6.375]},{"point":[4.375,0,-6.375]},{"point":[4.125,0,-6.375]},{"point":[3.875,0,-6.375]},{"point":[3.625,0,-6.375]},{"point":[3.375,0,-6.375]},{"point":[3.125,0,-6.375]},{"point":[2.875,0,-6.375]},{"point":[2.625,0,-6.375]},{"point":[2.375,0,-6.375]},{"point":[2.125,0,-6.375]},{"point":[1.875,0,-6.375]},{"point":[1.625,0,-6.375]},{"point":[1.375,0,-6.375]},{"point":[1.125,0,-6.375]},{"point":[0.875,0,-6.375]},{"point":[0.625,0,-6.375]},{"point":[0.375,0,-6.375]},{"point":[0.125,0,-6.375]},{"point":[5.875,0,-6.625]},{"point":[5.625,0,-6.625]},{"point":[5.375,0,-6.625]},{"point":[5.125,0,-6.625]},{"point":[4.875,0,-6.625]},{"point":[4.625,0,-6.625]},{"point":[4.375,0,-6.625]},{"point":[4.125,0,-6.625]},{"point":[3.875,0,-6.625]},{"point":[3.625,0,-6.625]},{"point":[3.375,0,-6.625]},{"point":[3.125,0,-6.625]},{"point":[2.875,0,-6.625]},{"point":[2.625,0,-6.625]},{"point":[2.375,0,-6.625]},{"point":[2.125,0,-6.625]},{"point":[1.875,0,-6.625]},{"point":[1.625,0,-6.625]},{"point":[1.375,0,-6.625]},{"point":[1.125,0,-6.625]},{"point":[0.875,0,-6.625]},{"point":[0.625,0,-6.625]},{"point":[0.375,0,-6.625]},{"point":[0.125,0,-6.625]},{"point":[5.875,0,-6.875]},{"point":[5.625,0,-6.875]},{"point":[5.375,0,-6.875]},{"point":[5.125,0,-6.875]},{"point":[4.875,0,-6.875]},{"point":[4.625,0,-6.875]},{"point":[4.375,0,-6.875]},{"point":[4.125,0,-6.875]},{"point":[3.875,0,-6.875]},{"point":[3.625,0,-6.875]},{"point":[3.375,0,-6.875]},{"point":[3.125,0,-6.875]},{"point":[2.875,0,-6.875]},{"point":[2.625,0,-6.875]},{"point":[2.375,0,-6.875]},{"point":[2.125,0,-6.875]},{"point":[1.875,0,-6.875]},{"point":[1.625,0,-6.875]},{"point":[1.375,0,-6.875]},{"point":[1.125,0,-6.875]},{"point":[0.875,0,-6.875]},{"point":[0.625,0,-6.875]},{"point":[0.375,0,-6.875]},{"point":[0.125,0,-6.875]},{"point":[5.875,0,-7.125]},{"point":[5.625,0,-7.125]},{"point":[5.375,0,-7.125]},{"point":[5.125,0,-7.125]},{"point":[4.875,0,-7.125]},{"point":[4.625,0,-7.125]},{"point":[4.375,0,-7.125]},{"point":[4.125,0,-7.125]},{"point":[3.875,0,-7.125]},{"point":[3.625,0,-7.125]},{"point":[3.375,0,-7.125]},{"point":[3.125,0,-7.125]},{"point":[2.875,0,-7.125]},{"point":[2.625,0,-7.125]},{"point":[2.375,0,-7.125]},{"point":[2.125,0,-7.125]},{"point":[1.875,0,-7.125]},{"point":[1.625,0,-7.125]},{"point":[1.375,0,-7.125]},{"point":[1.125,0,-7.125]},{"point":[0.875,0,-7.125]},{"point":[0.625,0,-7.125]},{"point":[0.375,0,-7.125]},{"point":[0.125,0,-7.125]},{"point":[5.875,0,-7.375]},{"point":[5.625,0,-7.375]},{"point":[5.375,0,-7.375]},{"point":[5.125,0,-7.375]},{"point":[4.875,0,-7.375]},{"point":[4.625,0,-7.375]},{"point":[4.375,0,-7.375]},{"point":[4.125,0,-7.375]},{"point":[3.875,0,-7.375]},{"point":[3.625,0,-7.375]},{"point":[3.375,0,-7.375]},{"point":[3.125,0,-7.375]},{"point":[2.875,0,-7.375]},{"point":[2.625,0,-7.375]},{"point":[2.375,0,-7.375]},{"point":[2.125,0,-7.375]},{"point":[1.875,0,-7.375]},{"point":[1.625,0,-7.375]},{"point":[1.375,0,-7.375]},{"point":[1.125,0,-7.375]},{"point":[0.875,0,-7.375]},{"point":[0.625,0,-7.375]},{"point":[0.375,0,-7.375]},{"point":[0.125,0,-7.375]},{"point":[5.875,0,-7.625]},{"point":[5.625,0,-7.625]},{"point":[5.375,0,-7.625]},{"point":[5.125,0,-7.625]},{"point":[4.875,0,-7.625]},{"point":[4.625,0,-7.625]},{"point":[4.375,0,-7.625]},{"point":[4.125,0,-7.625]},{"point":[3.875,0,-7.625]},{"point":[3.625,0,-7.625]},{"point":[3.375,0,-7.625]},{"point":[3.125,0,-7.625]},{"point":[2.875,0,-7.625]},{"point":[2.625,0,-7.625]},{"point":[2.375,0,-7.625]},{"point":[2.125,0,-7.625]},{"point":[1.875,0,-7.625]},{"point":[1.625,0,-7.625]},{"point":[1.375,0,-7.625]},{"point":[1.125,0,-7.625]},{"point":[0.875,0,-7.625]},{"point":[0.625,0,-7.625]},{"point":[0.375,0,-7.625]},{"point":[0.125,0,-7.625]},{"point":[5.875,0,-7.875]},{"point":[5.625,0,-7.875]},{"point":[5.375,0,-7.875]},{"point":[5.125,0,-7.875]},{"point":[4.875,0,-7.875]},{"point":[4.625,0,-7.875]},{"point":[4.375,0,-7.875]},{"point":[4.125,0,-7.875]},{"point":[3.875,0,-7.875]},{"point":[3.625,0,-7.875]},{"point":[3.375,0,-7.875]},{"point":[3.125,0,-7.875]},{"point":[2.875,0,-7.875]},{"point":[2.625,0,-7.875]},{"point":[2.375,0,-7.875]},{"point":[2.125,0,-7.875]},{"point":[1.875,0,-7.875]},{"point":[1.625,0,-7.875]},{"point":[1.375,0,-7.875]},{"point":[1.125,0,-7.875]},{"point":[0.875,0,-7.875]},{"point":[0.625,0,-7.875]},{"point":[0.375,0,-7.875]},{"point":[0.125,0,-7.875]},{"point":[5.875,0,-8.125]},{"point":[5.625,0,-8.125]},{"point":[5.375,0,-8.125]},{"point":[5.125,0,-8.125]},{"point":[4.875,0,-8.125]},{"point":[4.625,0,-8.125]},{"point":[4.375,0,-8.125]},{"point":[4.125,0,-8.125]},{"point":[3.875,0,-8.125]},{"point":[3.625,0,-8.125]},{"point":[3.375,0,-8.125]},{"point":[3.125,0,-8.125]},{"point":[2.875,0,-8.125]},{"point":[2.625,0,-8.125]},{"point":[2.375,0,-8.125]},{"point":[2.125,0,-8.125]},{"point":[1.875,0,-8.125]},{"point":[1.625,0,-8.125]},{"point":[1.375,0,-8.125]},{"point":[1.125,0,-8.125]},{"point":[0.875,0,-8.125]},{"point":[0.625,0,-8.125]},{"point":[0.375,0,-8.125]},{"point":[0.125,0,-8.125]},{"point":[5.875,0,-8.375]},{"point":[5.625,0,-8.375]},{"point":[5.375,0,-8.375]},{"point":[5.125,0,-8.375]},{"point":[4.875,0,-8.375]},{"point":[4.625,0,-8.375]},{"point":[4.375,0,-8.375]},{"point":[4.125,0,-8.375]},{"point":[3.875,0,-8.375]},{"point":[3.625,0,-8.375]},{"point":[3.375,0,-8.375]},{"point":[3.125,0,-8.375]},{"point":[2.875,0,-8.375]},{"point":[2.625,0,-8.375]},{"point":[2.375,0,-8.375]},{"point":[2.125,0,-8.375]},{"point":[1.875,0,-8.375]},{"point":[1.625,0,-8.375]},{"point":[1.375,0,-8.375]},{"point":[1.125,0,-8.375]},{"point":[0.875,0,-8.375]},{"point":[0.625,0,-8.375]},{"point":[0.375,0,-8.375]},{"point":[0.125,0,-8.375]},{"point":[5.875,0,-8.625]},{"point":[5.625,0,-8.625]},{"point":[5.375,0,-8.625]},{"point":[5.125,0,-8.625]},{"point":[4.875,0,-8.625]},{"point":[4.625,0,-8.625]},{"point":[4.375,0,-8.625]},{"point":[4.125,0,-8.625]},{"point":[3.875,0,-8.625]},{"point":[3.625,0,-8.625]},{"point":[3.375,0,-8.625]},{"point":[3.125,0,-8.625]},{"point":[2.875,0,-8.625]},{"point":[2.625,0,-8.625]},{"point":[2.375,0,-8.625]},{"point":[2.125,0,-8.625]},{"point":[1.875,0,-8.625]},{"point":[1.625,0,-8.625]},{"point":[1.375,0,-8.625]},{"point":[1.125,0,-8.625]},{"point":[0.875,0,-8.625]},{"point":[0.625,0,-8.625]},{"point":[0.375,0,-8.625]},{"point":[0.125,0,-8.625]},{"point":[5.875,0,-8.875]},{"point":[5.625,0,-8.875]},{"point":[5.375,0,-8.875]},{"point":[5.125,0,-8.875]},{"point":[4.875,0,-8.875]},{"point":[4.625,0,-8.875]},{"point":[4.375,0,-8.875]},{"point":[4.125,0,-8.875]},{"point":[3.875,0,-8.875]},{"point":[3.625,0,-8.875]},{"point":[3.375,0,-8.875]},{"point":[3.125,0,-8.875]},{"point":[2.875,0,-8.875]},{"point":[2.625,0,-8.875]},{"point":[2.375,0,-8.875]},{"point":[2.125,0,-8.875]},{"point":[1.875,0,-8.875]},{"point":[1.625,0,-8.875]},{"point":[1.375,0,-8.875]},{"point":[1.125,0,-8.875]},{"point":[0.875,0,-8.875]},{"point":[0.625,0,-8.875]},{"point":[0.375,0,-8.875]},{"point":[0.125,0,-8.875]}]
